{
  "HTTP请求" : {
    "transaction" : "HTTP请求",
    "sampleCount" : 600,
    "errorCount" : 0,
    "errorPct" : 0.0,
    "meanResTime" : 23.27666666666667,
    "medianResTime" : 9.0,
    "minResTime" : 3.0,
    "maxResTime" : 171.0,
    "pct1ResTime" : 78.0,
    "pct2ResTime" : 98.8499999999998,
    "pct3ResTime" : 135.0,
    "throughput" : 457.6659038901602,
    "receivedKBytesPerSec" : 107.11646643783372,
    "sentKBytesPerSec" : 143.0578399122807
  },
  "Total" : {
    "transaction" : "Total",
    "sampleCount" : 600,
    "errorCount" : 0,
    "errorPct" : 0.0,
    "meanResTime" : 23.27666666666667,
    "medianResTime" : 9.0,
    "minResTime" : 3.0,
    "maxResTime" : 171.0,
    "pct1ResTime" : 78.0,
    "pct2ResTime" : 98.8499999999998,
    "pct3ResTime" : 135.0,
    "throughput" : 457.6659038901602,
    "receivedKBytesPerSec" : 107.11646643783372,
    "sentKBytesPerSec" : 143.0578399122807
  }
}